<pkgref spec="1.12" uuid="DED89CAF-7594-4787-B4A8-C08FFA8BB378"><config><identifier>com.couchapp.couchapp.couchapp.pkg</identifier><version>0.7.5</version><description/><post-install type="none"/><requireAuthorization/><installFrom>/Users/benoitc/pyinstaller-1.5-rc1/Couchapp/dist/couchapp</installFrom><installTo mod="true">/usr/bin</installTo><flags><followSymbolicLinks/></flags><packageStore type="internal"/><mod>installTo.path</mod><mod>parent</mod><mod>installTo</mod><mod>version</mod></config><contents><file-list>01couchapp-contents.xml</file-list><filter>/CVS$</filter><filter>/\.svn$</filter><filter>/\.cvsignore$</filter><filter>/\.cvspass$</filter><filter>/\.DS_Store$</filter></contents></pkgref>