<pkg-contents spec="1.12"><f n="templates" o="benoitc" g="staff" p="16877" pt="/Users/benoitc/build/couchapp/couchapp/templates" m="false" t="file"><f n="app" o="benoitc" g="staff" p="16877"><f n="_attachments" o="benoitc" g="staff" p="16877"><f n="index.html" o="benoitc" g="staff" p="33188"/><f n="style" o="benoitc" g="staff" p="16877"><f n="main.css" o="benoitc" g="staff" p="33188"/></f></f><f n="couchapp.json" o="benoitc" g="staff" p="33188"/><f n="evently" o="benoitc" g="staff" p="16877"><f n="items" o="benoitc" g="staff" p="16877"><f n="_changes" o="benoitc" g="staff" p="16877"><f n="data.js" o="benoitc" g="staff" p="33188"/><f n="mustache.html" o="benoitc" g="staff" p="33188"/><f n="query.json" o="benoitc" g="staff" p="33188"/></f></f><f n="profile" o="benoitc" g="staff" p="16877"><f n="profileReady" o="benoitc" g="staff" p="16877"><f n="mustache.html" o="benoitc" g="staff" p="33188"/><f n="selectors" o="benoitc" g="staff" p="16877"><f n="form" o="benoitc" g="staff" p="16877"><f n="submit.js" o="benoitc" g="staff" p="33188"/></f></f></f></f></f><f n="language" o="benoitc" g="staff" p="33188"/><f n="README.md" o="benoitc" g="staff" p="33188"/><f n="views" o="benoitc" g="staff" p="16877"><f n="recent-items" o="benoitc" g="staff" p="16877"><f n="map.js" o="benoitc" g="staff" p="33188"/></f></f></f><f n="functions" o="benoitc" g="staff" p="16877"><f n="filter.js" o="benoitc" g="staff" p="33188"/><f n="list.js" o="benoitc" g="staff" p="33188"/><f n="map.js" o="benoitc" g="staff" p="33188"/><f n="reduce.js" o="benoitc" g="staff" p="33188"/><f n="show.js" o="benoitc" g="staff" p="33188"/><f n="spatial.js" o="benoitc" g="staff" p="33188"/><f n="update.js" o="benoitc" g="staff" p="33188"/><f n="validate_doc_update.js" o="benoitc" g="staff" p="33188"/></f><f n="vendor" o="benoitc" g="staff" p="16877"><f n="_attachments" o="benoitc" g="staff" p="16877"><f n="jquery.couch.app.js" o="benoitc" g="staff" p="33188"/><f n="jquery.couch.app.util.js" o="benoitc" g="staff" p="33188"/><f n="jquery.evently.js" o="benoitc" g="staff" p="33188"/><f n="jquery.mustache.js" o="benoitc" g="staff" p="33188"/><f n="jquery.pathbinder.js" o="benoitc" g="staff" p="33188"/><f n="loader.js" o="benoitc" g="staff" p="33188"/></f><f n="evently" o="benoitc" g="staff" p="16877"><f n="account" o="benoitc" g="staff" p="16877"><f n="_init.js" o="benoitc" g="staff" p="33188"/><f n="adminParty" o="benoitc" g="staff" p="16877"><f n="mustache.html" o="benoitc" g="staff" p="33188"/></f><f n="doLogin.js" o="benoitc" g="staff" p="33188"/><f n="doLogout.js" o="benoitc" g="staff" p="33188"/><f n="doSignup.js" o="benoitc" g="staff" p="33188"/><f n="loggedIn" o="benoitc" g="staff" p="16877"><f n="after.js" o="benoitc" g="staff" p="33188"/><f n="data.js" o="benoitc" g="staff" p="33188"/><f n="mustache.html" o="benoitc" g="staff" p="33188"/><f n="selectors.json" o="benoitc" g="staff" p="33188"/></f><f n="loggedOut" o="benoitc" g="staff" p="16877"><f n="mustache.html" o="benoitc" g="staff" p="33188"/><f n="selectors.json" o="benoitc" g="staff" p="33188"/></f><f n="loginForm" o="benoitc" g="staff" p="16877"><f n="after.js" o="benoitc" g="staff" p="33188"/><f n="mustache.html" o="benoitc" g="staff" p="33188"/><f n="selectors" o="benoitc" g="staff" p="16877"><f n="a[href=#signup].json" o="benoitc" g="staff" p="33188"/><f n="form" o="benoitc" g="staff" p="16877"><f n="submit.js" o="benoitc" g="staff" p="33188"/></f></f></f><f n="signupForm" o="benoitc" g="staff" p="16877"><f n="after.js" o="benoitc" g="staff" p="33188"/><f n="mustache.html" o="benoitc" g="staff" p="33188"/><f n="selectors" o="benoitc" g="staff" p="16877"><f n="a[href=#login].json" o="benoitc" g="staff" p="33188"/><f n="form" o="benoitc" g="staff" p="16877"><f n="submit.js" o="benoitc" g="staff" p="33188"/></f></f></f></f><f n="profile" o="benoitc" g="staff" p="16877"><f n="loggedIn.js" o="benoitc" g="staff" p="33188"/><f n="loggedOut" o="benoitc" g="staff" p="16877"><f n="after.js" o="benoitc" g="staff" p="33188"/><f n="mustache.html" o="benoitc" g="staff" p="33188"/></f><f n="noProfile" o="benoitc" g="staff" p="16877"><f n="data.js" o="benoitc" g="staff" p="33188"/><f n="mustache.html" o="benoitc" g="staff" p="33188"/><f n="selectors" o="benoitc" g="staff" p="16877"><f n="form" o="benoitc" g="staff" p="16877"><f n="submit.js" o="benoitc" g="staff" p="33188"/></f></f></f><f n="profileReady" o="benoitc" g="staff" p="16877"><f n="after.js" o="benoitc" g="staff" p="33188"/><f n="data.js" o="benoitc" g="staff" p="33188"/><f n="mustache.html" o="benoitc" g="staff" p="33188"/></f></f><f n="README.md" o="benoitc" g="staff" p="33188"/></f><f n="lib" o="benoitc" g="staff" p="16877"><f n="atom.js" o="benoitc" g="staff" p="33188"/><f n="cache.js" o="benoitc" g="staff" p="33188"/><f n="code.js" o="benoitc" g="staff" p="33188"/><f n="docform.js" o="benoitc" g="staff" p="33188"/><f n="linkup.js" o="benoitc" g="staff" p="33188"/><f n="list.js" o="benoitc" g="staff" p="33188"/><f n="markdown.js" o="benoitc" g="staff" p="33188"/><f n="md5.js" o="benoitc" g="staff" p="33188"/><f n="mustache.js" o="benoitc" g="staff" p="33188"/><f n="path.js" o="benoitc" g="staff" p="33188"/><f n="redirect.js" o="benoitc" g="staff" p="33188"/><f n="utils.js" o="benoitc" g="staff" p="33188"/><f n="validate.js" o="benoitc" g="staff" p="33188"/></f><f n="metadata.json" o="benoitc" g="staff" p="33188"/></f></f></pkg-contents>