<pkgref spec="1.12" uuid="10AC3C19-BC4B-488A-8733-69BC86F75899"><config><identifier>com.couchapp.couchapp.templates.pkg</identifier><version>0.7.5</version><description/><post-install type="none"/><requireAuthorization/><installFrom includeRoot="true">/Users/benoitc/build/couchapp/couchapp/templates</installFrom><installTo mod="true">/Users/benoitc/Library/Application Support/Couchapp</installTo><flags><followSymbolicLinks/></flags><packageStore type="internal"/><mod>installTo.path</mod><mod>includeRoot</mod><mod>parent</mod><mod>installTo</mod><mod>version</mod></config><contents><file-list>02templates-contents.xml</file-list><filter>/CVS$</filter><filter>/\.svn$</filter><filter>/\.cvsignore$</filter><filter>/\.cvspass$</filter><filter>/\.DS_Store$</filter></contents></pkgref>