<pkmkdoc spec="1.12"><properties><title>Couchapp</title><build>/Users/benoitc/build/couchapp/Output/Couchapp-0.7.5.pkg</build><organization>com.couchapp</organization><userSees ui="both"/><min-target os="3"/><domain system="true" user="true"/></properties><distribution><versions min-spec="1.000000"/><scripts></scripts></distribution><contents><choice title="Couchapp binary" id="choice3" description="Main couchapp binary" starts_selected="true" starts_enabled="true" starts_hidden="false"><pkgref id="com.couchapp.couchapp.couchapp.pkg"/></choice><choice title="Couchapp Templates" id="choice4" starts_selected="true" starts_enabled="true" starts_hidden="false"><pkgref id="com.couchapp.couchapp.templates.pkg"/></choice></contents><resources bg-scale="none" bg-align="topleft"><locale lang="en"><resource mod="true" type="license">/Users/benoitc/build/couchapp/resources/macosx/LICENSE.txt</resource><resource mod="true" type="readme">/Users/benoitc/build/couchapp/resources/macosx/Readme.html</resource><resource mod="true" type="welcome">/Users/benoitc/build/couchapp/resources/macosx/Welcome.html</resource></locale></resources><flags/><item type="file">01couchapp.xml</item><item type="file">02templates.xml</item><mod>properties.title</mod><mod>properties.userDomain</mod><mod>properties.anywhereDomain</mod><mod>properties.systemDomain</mod></pkmkdoc>